{
  "config": {
    "head_dim": 128,
    "n_vectors": 256,
    "iters": 20,
    "data_mb": 0.131072
  },
  "results": {
    "TURBO3": {
      "native": {
        "median_compress_ms": 1.861708000433282,
        "median_decompress_ms": 2.67537499894388,
        "mse": 0.03441941738128662
      },
      "tinygrad": {
        "median_compress_ms": 1.9387079992156941,
        "median_decompress_ms": 2.1983749993523816,
        "mse": 0.1451760232448578
      },
      "numpy": {
        "median_compress_ms": 9.286874999816064,
        "median_decompress_ms": 4.820375001145294,
        "mse": 0.1451760232448578
      }
    },
    "TURBO4": {
      "native": {
        "median_compress_ms": 1.8769170001178281,
        "median_decompress_ms": 2.5998750006692717,
        "mse": 0.009508898481726646
      },
      "tinygrad": {
        "median_compress_ms": 2.0107079999434063,
        "median_decompress_ms": 2.2583749996556435,
        "mse": 0.10105638206005096
      },
      "numpy": {
        "median_compress_ms": 8.509249999406165,
        "median_decompress_ms": 4.140458000620129,
        "mse": 0.10105637460947037
      }
    },
    "TURBO2": {
      "native": {
        "median_compress_ms": 1.7476249995524995,
        "median_decompress_ms": 2.6131249996979022,
        "mse": 0.11762045323848724
      },
      "tinygrad": {
        "median_compress_ms": 1.9829579996439861,
        "median_decompress_ms": 2.193958000134444,
        "mse": 0.24489864706993103
      },
      "numpy": {
        "median_compress_ms": 8.228291999330395,
        "median_decompress_ms": 4.058332999193226,
        "mse": 0.24489864706993103
      }
    },
    "Q8_0": {
      "native": {
        "median_compress_ms": 0.04712499867309816,
        "median_decompress_ms": 2.659458999914932,
        "mse": 2.911515002779197e-05
      },
      "tinygrad": {
        "median_compress_ms": 2.988500000355998,
        "median_decompress_ms": 0.6150829995021923,
        "mse": 2.901174229918979e-05
      },
      "numpy": {
        "median_compress_ms": 4.0767499995126855,
        "median_decompress_ms": 1.3784590009890962,
        "mse": 2.905244764406234e-05
      }
    }
  }
}