{
  "model": "qwen3-8b",
  "config": {
    "n_layers": 32,
    "n_kv_heads": 8,
    "head_dim": 128
  },
  "tokens": 50,
  "results": {
    "tinygrad (Q8_0 K + TURBO3 V)": {
      "toks_per_s": 50.27640292121223,
      "wall_s": 0.9945023330001277,
      "per_token_ms": 10.11639599892078,
      "n_tokens": 50,
      "kv_bytes_per_token": 262144,
      "raw_bw_gbps": 0.013179657367378259
    },
    "tinygrad (TURBO3 symmetric)": {
      "toks_per_s": 45.59502305738834,
      "wall_s": 1.0966109159999178,
      "per_token_ms": 11.080583499278873,
      "n_tokens": 50,
      "kv_bytes_per_token": 262144,
      "raw_bw_gbps": 0.011952461724356008
    },
    "native C (Q8_0 K + TURBO3 V)": {
      "toks_per_s": 50.83120456487839,
      "wall_s": 0.9836477499993634,
      "per_token_ms": 10.151041498829727,
      "n_tokens": 50,
      "kv_bytes_per_token": 262144,
      "raw_bw_gbps": 0.01332509528945548
    },
    "native C (TURBO3 symmetric)": {
      "toks_per_s": 49.48450545717423,
      "wall_s": 1.0104172920000565,
      "per_token_ms": 10.66764549977961,
      "n_tokens": 50,
      "kv_bytes_per_token": 262144,
      "raw_bw_gbps": 0.012972066198565481
    },
    "CUDA kernels (Q8_0 K + TURBO3 V)": {
      "toks_per_s": 53.98844595221759,
      "wall_s": 0.9261240829982853,
      "per_token_ms": 8.733500000744243,
      "n_tokens": 50,
      "kv_bytes_per_token": 262144,
      "raw_bw_gbps": 0.014152747175698128
    },
    "CUDA kernels (TURBO3 symmetric)": {
      "toks_per_s": 57.748029031936724,
      "wall_s": 0.8658304160016996,
      "per_token_ms": 7.603166999615496,
      "n_tokens": 50,
      "kv_bytes_per_token": 262144,
      "raw_bw_gbps": 0.01513829932254802
    }
  }
}